{
  "_format": "hh-sol-cache-2",
  "files": {
    "C:\\Users\\RARCH\\kodekaleesh-2025\\eth\\contracts\\ProofRegistry.sol": {
      "lastModificationDate": 1763103540752,
      "contentHash": "8489f0382740a70e7fda75890854c3ac",
      "sourceName": "contracts/ProofRegistry.sol",
      "solcConfig": {
        "version": "0.8.24",
        "settings": {
          "optimizer": {
            "enabled": true,
            "runs": 200
          },
          "evmVersion": "paris",
          "outputSelection": {
            "*": {
              "*": [
                "abi",
                "evm.bytecode",
                "evm.deployedBytecode",
                "evm.methodIdentifiers",
                "metadata"
              ],
              "": [
                "ast"
              ]
            }
          }
        }
      },
      "imports": [],
      "versionPragmas": [
        "^0.8.24"
      ],
      "artifacts": [
        "ProofRegistry"
      ]
    }
  }
}
